Semestre,Mediana,Promedio,Desviación
2023-AD,7.6,7.8,0.8502100580780863
2024-ED,8.65,8.666666666666666,0.4633213427705084
2024-EJ,8.55,8.47,0.5457919831665622
